Fru,Emmanuel,Etoudi,fru.emmanuel@handsinhands.org
Abdoul,Raphael,Etoudi,abdoul.raphael@handsinhands.org
David,Mpele,Etoudi,david.mpele@handsinhands.org
Maeva,Njana,Emana,maeva.ndjana@handsinhands.org
Brice,Concept,Emana,brice.concept@handsinhands.org
John,Paul,Emana,john.paul@handsinhands.org
Jean,Pierre,Emana,jean.pierre@handsinhands.org
Juvis,Mbah,Emana,juvis.mbah@handsinhands.org
Alain,Juvis,Mokolo,alain.juvis@handsinhands.org
Teche,Prosper,Mokolo,teche.prosper@handsinhands.org
Langmi,Vanessa,Mokolo,langmi.vanessa@handsinhands.org
Silvy,Marry,Mokolo,silvy.marry@handsinhands.org
Didi,Doine,Mokolo,didi.doine@handsinhands.org
Paolo,Kills,Downtown,paolo.kills@handsinhands.org
Olamide,Lyrics,Downtown,olamide.lyrics@handsinhands.org
Jovi,Chichard,Downtown,jovi.chichard@handsinhands.org
Papou,Pompidou,Downtown,papou.pompidou@handsinhands.org
Kameni,Linares,Downtown,kameni.linares@handsinhands.org
Papy,Pius,Franceville,papy.pius@handsinhands.org
Jerry,Yonga,Franceville,jerry.yonga@handsinhands.org
Victor,Mbaricka,Franceville,victor.mbaricka@handsinhands.org
Emmanuel,Anya,Franceville,emmanuel.anya@handsinhands.org
Johnson,Ubah,Franceville,johnson.ubah@handsinhands.org
Daniel,Moune,Mbangatown,daniel.moune@handsinhands.org
Carine,Soupe,Mbangatown,carine.soupe@handsinhands.org
Jessica,Parker,Mbangatown,jessica.parker@handsinhands.org
Celine ,Cook,Mbangatown,celine.cook@handsinhands.org
Belatrix,Storm,Etoudi,belatrix.storm@handsinhands.org
Harry,Potter,Emana,harry.potter@handsinhands.org
John,James,Etoudi,john.james@handsinhands.org
