NAME,L_NAME,ADDRESS,EMAIL,PHONE
Fru,Emmanuel,Etoudi,fru.emmanuel@helpinghands.cm,699000001
Abdoul,Raphael,Etoudi,abdoul.raphael@helpinghands.cm,699000002
David,Mpele,Etoudi,david.mpele@helpinghands.cm,699000003
Maeva,Njana,Emana,maeva.ndjana@helpinghands.cm,699000004
Brice,Concept,Emana,brice.concept@helpinghands.cm,699000005
John,Paul,Emana,john.paul@helpinghands.cm,699000006
Jean,Pierre,Emana,jean.pierre@helpinghands.cm,699000007
Juvis,Mbah,Emana,juvis.mbah@helpinghands.cm,699000008
Alain,Juvis,Mokolo,alain.juvis@helpinghands.cm,699000009
Teche,Prosper,Mokolo,teche.prosper@helpinghands.cm,699000010
Langmi,Vanessa,Mokolo,langmi.vanessa@helpinghands.cm,699000011
Silvy,Marry,Mokolo,silvy.marry@helpinghands.cm,699000012
Didi,Doine,Mokolo,didi.doine@helpinghands.cm,699000013
Paolo,Kills,Downtown,paolo.kills@helpinghands.cm,699000014
Olamide,Lyrics,Downtown,olamide.lyrics@helpinghands.cm,699000015
Jovi,Chichard,Downtown,jovi.chichard@helpinghands.cm,699000017
Papou,Pompidou,Downtown,papou.pompidou@helpinghands.cm,699000018
Kameni,Linares,Downtown,kameni.linares@helpinghands.cm,699000019
Papy,Pius,Franceville,papy.pius@helpinghands.cm,699000020
Jerry,Yonga,Franceville,jerry.yonga@helpinghands.cm,699000021
Victor,Mbaricka,Franceville,victor.mbaricka@helpinghands.cm,699000022
Emmanuel,Anya,Franceville,emmanuel.anya@helpinghands.cm,699000023
Johnson,Ubah,Franceville,johnson.ubah@helpinghands.cm,699000024
Daniel,Moune,Mbangatown,daniel.moune@helpinghands.cm,699000025
Carine,Soupe,Mbangatown,carine.soupe@helpinghands.cm,699000026
Jessica,Parker,Mbangatown,jessica.parker@helpinghands.cm,699000027
Celine ,Cook,Mbangatown,celine.cook@helpinghands.cm,699000028
Belatrix,Storm,Etoudi,belatrix.storm@helpinghands.cm,699000029
Harry,Potter,Emana,harry.potter@helpinghands.cm,699000030
John,James,Etoudi,john.james@helpinghands.cm,699000031
